Category,Sales,Profit,Quantity,Category Profit Margin %
Furniture,741999.7953,18451.2728,8028,2.4866951334588867
Office Supplies,719047.032,122490.8008,22906,17.035158390028652
Technology,836154.033,145454.9481,6939,17.395712076891936
