Model,MAE,RMSE,Accuracy %
Moving Average,19298.804644444444,24002.772368660404,78.4169826653769
Exponential Smoothing,12875.093057455197,15884.782391688641,84.13141307402041
Prophet,11976.406737097328,19533.56155424675,85.70092495902045
