Region,Sales,Profit,Profit Margin %
Central,501239.8908,39706.3625,7.921628591177566
East,678781.24,91522.78,13.483398568882073
South,391721.905,46749.4303,11.934341609004479
West,725457.8245,108418.4489,14.944831420727203
